{
    "epoch": 3.0,
    "eval_accuracy": 0.9083848627256987,
    "eval_combined_score": 0.8925741188794849,
    "eval_f1": 0.8767633750332712,
    "eval_loss": 0.37517139315605164,
    "eval_runtime": 413.627,
    "eval_samples": 40430,
    "eval_samples_per_second": 97.745,
    "eval_steps_per_second": 12.219,
    "train_loss": 0.21685483706122752,
    "train_runtime": 33900.8837,
    "train_samples": 363846,
    "train_samples_per_second": 32.198,
    "train_steps_per_second": 2.012
}